ID,Prix,Quantite,Remise
101,11.88,6,20
102,81.99,2,10
103,98.71,16,0
104,62.86,11,10
105,92.03,12,0
106,57.0,14,10
107,30.19,3,15
108,16.4,5,0
109,81.37,11,20
110,66.76,13,10
111,76.58,1,0
112,32.51,7,20
113,48.64,5,0
114,52.0,18,10
115,44.64,12,20
116,52.46,3,20
117,14.82,7,15
118,65.73,15,10
119,43.64,18,10
120,6.86,20,0
121,46.45,7,10
122,76.26,1,20
123,99.06,13,10
124,23.31,4,10
125,85.46,14,15
126,62.1,2,0
127,85.52,4,0
128,60.06,18,15
129,76.05,19,5
130,52.32,3,15
131,78.6,3,10
132,93.92,9,0
133,6.32,18,20
134,65.47,17,20
135,57.8,3,20
136,88.67,4,5
137,75.59,11,20
138,97.72,8,20
139,26.24,16,20
140,74.63,12,15
141,27.1,16,20
142,83.56,2,0
143,23.45,9,20
144,21.18,13,0
145,7.22,15,20
146,21.09,19,5
147,34.03,3,0
148,65.71,10,0
149,95.25,19,0
150,63.3,17,0
151,34.77,18,5
152,42.89,13,15
153,11.93,3,15
154,63.42,2,15
155,33.33,20,5
156,48.66,18,5
157,38.87,15,10
158,69.77,13,5
159,70.71,10,10
160,48.14,1,15
161,5.8,6,20
162,11.08,20,5
163,35.88,2,20
164,95.23,15,15
165,17.8,16,20
166,78.4,12,0
167,25.53,17,0
168,38.49,17,5
169,22.98,6,15
170,97.31,11,20
171,6.8,18,5
172,20.77,8,5
173,16.7,18,10
174,55.82,8,0
175,79.68,18,10
176,84.6,11,10
177,10.23,12,20
178,90.65,9,5
179,35.57,5,10
180,84.19,8,10
181,64.99,8,5
182,50.7,1,0
183,88.67,10,20
184,81.52,15,5
185,64.89,3,20
186,11.09,10,10
187,73.39,13,10
188,72.87,15,20
189,43.53,15,5
190,64.84,19,20
191,45.14,6,5
192,56.32,20,20
193,25.92,20,0
194,13.81,2,5
195,50.91,18,20
196,31.46,6,20
197,17.24,3,5
198,60.26,15,15
199,17.93,5,0
200,82.04,16,0
201,51.63,20,15
202,8.94,9,20
203,82.81,6,5
204,46.38,7,10
205,10.25,8,15
206,32.7,7,0
207,72.46,12,10
208,88.36,4,10
209,58.85,8,20
210,90.94,1,5
211,65.56,7,10
212,47.29,19,0
213,38.07,6,5
214,72.28,9,10
215,41.31,10,0
216,20.12,4,0
217,30.79,3,0
218,90.29,20,10
219,87.24,8,10
220,61.62,1,5
221,85.5,2,20
222,49.49,19,20
223,72.08,5,10
224,83.07,4,15
225,87.43,14,5
226,30.3,20,5
227,94.77,13,0
228,15.61,1,5
229,30.53,20,5
230,82.54,9,10
231,92.45,16,10
232,27.62,5,10
233,75.94,6,5
234,65.44,19,15
235,18.19,1,5
236,14.25,19,15
237,78.15,4,20
238,90.03,6,20
239,57.1,6,15
240,61.75,4,15
241,83.89,10,20
242,49.13,11,0
243,71.14,5,5
244,19.15,15,20
245,30.84,15,15
246,35.28,6,0
247,51.51,14,0
248,95.39,9,20
249,68.18,9,0
250,96.54,8,20
251,63.14,5,10
252,15.86,3,0
253,88.65,12,0
254,36.76,11,15
255,84.68,4,15
256,47.08,11,15
257,57.07,15,10
258,22.83,18,5
259,11.86,3,0
260,38.95,16,5
261,84.4,16,0
262,30.09,17,5
263,9.65,17,0
264,14.75,1,20
265,95.4,9,10
266,91.78,7,5
267,78.36,12,0
268,76.59,8,20
269,53.76,5,10
270,39.06,18,15
271,33.59,1,15
272,97.3,5,15
273,15.64,1,20
274,28.49,19,5
275,24.27,15,10
276,78.12,10,0
277,92.02,20,0
278,90.22,5,0
279,42.36,10,20
280,88.06,12,20
281,24.52,5,20
282,78.5,19,5
283,5.49,14,10
284,12.77,8,15
285,45.71,19,20
286,94.42,11,0
287,16.92,19,0
288,7.41,16,20
289,10.05,14,20
290,58.82,15,10
291,68.29,13,20
292,45.31,11,15
293,14.88,13,10
294,47.01,14,15
295,64.97,17,20
296,89.39,4,10
297,89.15,8,10
298,43.31,9,15
299,19.66,13,5
300,45.83,8,5
301,17.57,8,0
302,40.83,17,15
303,23.17,1,0
304,63.77,1,5
305,46.83,11,10
306,60.2,15,10
307,35.2,11,0
308,88.05,12,0
309,32.29,1,10
310,18.58,9,10
311,77.83,10,15
312,8.98,10,5
313,37.01,6,15
314,44.71,20,10
315,75.49,3,10
316,38.79,3,10
317,69.89,16,5
318,80.8,14,15
319,66.11,1,5
320,29.65,11,0
321,73.07,9,0
322,40.08,20,20
323,55.41,5,5
324,75.56,11,15
325,18.19,11,0
326,58.4,11,0
327,81.18,2,20
328,20.01,2,0
329,66.82,16,15
330,11.79,4,0
331,82.92,3,10
332,6.59,6,15
333,80.1,8,5
334,90.42,7,20
335,28.04,5,10
336,64.75,6,20
337,19.61,9,10
338,13.96,17,15
339,61.12,3,5
340,94.13,11,10
341,10.18,11,0
342,52.3,6,0
343,62.47,17,20
344,17.41,4,5
345,10.45,19,15
346,70.26,8,10
347,57.56,17,15
348,96.06,18,10
349,36.49,13,5
350,8.22,17,0
351,20.4,14,15
352,23.12,19,20
353,18.54,7,5
354,24.46,5,10
355,16.43,6,0
356,97.32,17,0
357,81.26,5,15
358,56.28,6,10
359,5.29,9,15
360,95.49,8,20
361,81.26,7,20
362,36.36,15,5
363,92.72,4,0
364,30.73,15,20
365,5.8,7,5
366,12.94,17,5
367,32.56,11,5
368,78.1,9,15
369,8.98,16,0
370,85.93,17,5
371,74.46,14,15
372,70.63,3,15
373,20.54,2,5
374,59.51,9,20
375,93.44,7,20
376,81.33,20,15
377,34.56,11,0
378,98.4,2,10
379,37.37,13,0
380,43.88,7,20
381,42.26,16,5
382,44.53,3,10
383,10.1,11,20
384,73.48,20,15
385,32.38,15,0
386,94.47,16,20
387,81.93,5,15
388,63.54,12,5
389,46.03,17,0
390,64.0,2,15
391,35.17,17,20
392,8.9,9,0
393,17.97,16,20
394,26.06,8,20
395,76.36,14,0
396,31.88,15,20
397,47.49,6,20
398,66.34,7,20
399,22.87,8,10
400,40.83,2,20
401,26.82,4,5
402,31.59,18,15
403,68.52,1,0
404,18.56,4,10
405,33.06,1,0
406,42.4,20,20
407,67.37,8,10
408,32.15,5,15
409,66.86,16,5
410,29.68,20,5
411,20.35,13,10
412,51.78,2,20
413,88.27,19,20
414,76.33,8,0
415,91.95,16,5
416,60.74,8,5
417,71.41,20,0
418,22.66,19,5
419,70.07,12,15
420,22.44,5,5
421,65.5,17,0
422,57.21,19,10
423,47.39,3,5
424,26.68,4,20
425,78.63,9,0
426,53.89,14,15
427,72.03,7,5
428,70.95,18,0
429,10.73,4,20
430,73.93,8,20
431,58.22,9,20
432,44.8,16,15
433,19.04,3,15
434,22.42,10,15
435,54.88,4,15
436,59.82,17,10
437,55.45,19,0
438,69.36,1,10
439,89.68,9,5
440,36.93,9,15
441,94.33,16,5
442,31.26,5,15
443,30.91,13,15
444,16.49,19,15
445,93.73,2,10
446,85.7,12,10
447,69.4,2,10
448,90.62,19,20
449,69.95,3,15
450,5.66,14,20
451,97.41,14,5
452,24.61,2,5
453,81.56,4,5
454,11.64,10,10
455,23.02,7,0
456,12.14,2,15
457,52.97,8,5
458,82.53,9,20
459,73.65,4,5
460,19.76,10,20
461,13.99,7,5
462,15.06,4,15
463,95.4,16,0
464,92.4,12,0
465,30.02,2,0
466,19.71,20,20
467,53.71,20,10
468,75.64,8,0
469,78.09,7,20
470,35.64,4,20
471,77.29,3,15
472,73.56,2,0
473,62.78,8,15
474,62.52,9,0
475,35.35,5,5
476,24.76,15,15
477,42.51,6,5
478,98.56,18,15
479,49.36,15,15
480,96.17,6,0
481,92.92,4,15
482,48.01,2,0
483,70.2,18,20
484,41.96,17,15
485,30.7,2,15
486,45.36,15,15
487,63.4,2,10
488,65.52,2,10
489,94.68,20,15
490,61.5,2,15
491,65.09,11,15
492,74.83,2,20
493,25.03,9,20
494,6.27,19,5
495,57.79,15,15
496,49.83,3,10
497,10.24,11,20
498,92.06,19,15
499,28.67,18,0
500,66.06,2,15
501,15.87,5,0
502,10.08,11,20
503,92.35,4,10
504,31.77,19,0
505,29.91,14,10
506,65.54,18,15
507,28.68,15,15
508,19.02,16,5
509,5.23,11,20
510,47.55,17,10
511,41.06,14,0
512,12.04,2,10
513,74.57,7,10
514,70.03,7,5
515,61.63,20,10
516,40.71,9,5
517,24.03,1,5
518,6.61,20,5
519,75.13,18,20
520,88.46,1,0
521,54.49,12,15
522,87.15,20,15
523,25.33,18,15
524,94.91,18,20
525,9.26,15,15
526,78.94,18,0
527,94.31,4,5
528,58.73,7,5
529,90.56,11,10
530,99.58,19,5
531,25.51,6,0
532,48.63,9,0
533,79.6,13,5
534,31.08,9,10
535,31.93,4,15
536,33.67,16,15
537,39.62,16,15
538,29.08,19,10
539,29.99,14,5
540,39.02,7,0
541,66.04,7,10
542,94.65,18,10
543,36.47,17,15
544,59.37,2,0
545,5.61,10,5
546,23.82,12,15
547,11.22,19,15
548,73.95,20,20
549,56.52,12,0
550,5.51,3,10
551,79.26,11,20
552,90.77,3,5
553,51.97,9,20
554,74.43,12,10
555,98.8,8,15
556,76.65,5,20
557,39.69,13,20
558,85.41,3,5
559,75.04,20,5
560,14.72,4,0
561,20.86,12,20
562,75.0,5,0
563,28.71,15,10
564,27.08,16,0
565,87.47,9,10
566,87.92,16,15
567,95.54,17,20
568,65.26,8,20
569,51.89,10,10
570,53.68,12,10
571,59.21,4,10
572,55.54,10,10
573,60.26,13,5
574,92.69,3,5
575,97.9,15,15
576,88.74,16,10
577,75.92,17,0
578,96.84,6,0
579,12.87,10,15
580,89.76,16,15
581,90.68,18,0
582,93.06,16,15
583,24.7,2,20
584,21.17,10,15
585,40.18,4,5
586,43.8,11,20
587,57.25,15,0
588,49.45,2,15
589,54.96,8,20
590,44.02,15,10
591,23.35,16,20
592,94.93,12,20
593,69.74,12,5
594,88.31,2,15
595,46.56,10,15
596,86.84,2,20
597,96.29,9,5
598,5.9,17,20
599,29.03,8,10
600,29.22,12,10
601,35.69,10,10
602,97.87,20,10
603,48.42,9,0
604,96.07,13,5
605,38.28,14,0
606,30.08,10,20
607,14.15,4,5
608,61.38,7,20
609,99.96,7,15
610,96.83,1,20
611,64.0,4,15
612,36.29,15,0
613,10.94,8,5
614,46.15,1,20
615,90.94,19,0
616,49.91,7,5
617,23.53,12,0
618,51.88,1,15
619,37.13,16,5
620,71.82,20,0
621,38.42,6,15
622,73.3,17,20
623,9.73,9,10
624,53.8,20,5
625,57.03,7,0
626,13.89,2,0
627,85.24,1,20
628,26.32,10,5
629,90.14,4,15
630,30.92,2,20
631,42.49,12,0
632,21.82,14,10
633,36.17,18,0
634,59.98,4,15
635,11.69,9,20
636,21.87,15,5
637,14.39,16,15
638,22.4,9,15
639,82.4,9,0
640,83.35,16,10
641,38.88,17,20
642,80.83,8,20
643,58.31,18,10
644,88.08,10,10
645,8.7,15,20
646,82.56,3,10
647,89.43,15,10
648,6.77,9,20
649,89.89,3,15
650,82.5,19,20
651,36.03,9,0
652,35.03,2,15
653,90.06,14,20
654,52.77,17,5
655,5.96,19,10
656,73.5,9,0
657,38.63,6,20
658,96.66,5,0
659,33.93,4,15
660,82.39,10,0
661,52.86,14,20
662,76.3,17,10
663,84.3,20,10
664,54.5,10,0
665,81.42,6,5
666,59.52,5,15
667,24.29,6,20
668,41.28,8,10
669,71.93,20,15
670,57.54,7,10
671,23.15,11,0
672,66.96,18,20
673,59.06,12,15
674,86.54,18,5
675,75.34,11,20
676,60.97,9,10
677,68.01,5,15
678,84.18,16,0
679,98.27,14,0
680,91.64,2,20
681,72.85,14,10
682,8.75,10,15
683,76.74,10,20
684,22.59,3,5
685,32.09,7,0
686,93.7,19,20
687,10.0,1,10
688,84.18,6,15
689,38.76,10,15
690,81.11,19,20
691,56.27,7,5
692,43.99,9,20
693,80.54,12,10
694,75.98,1,20
695,21.56,19,10
696,12.82,12,20
697,79.6,17,20
698,25.99,8,15
699,80.52,20,0
700,10.48,15,5
701,54.51,19,10
702,40.28,19,5
703,95.8,18,15
704,58.58,17,5
705,29.06,12,10
706,92.28,3,10
707,85.81,11,15
708,39.74,9,0
709,39.02,18,5
710,97.61,16,20
711,6.49,11,10
712,16.14,4,20
713,85.37,14,0
714,94.03,9,15
715,34.25,6,10
716,41.55,16,5
717,39.53,20,5
718,91.45,7,0
719,93.36,10,10
720,71.15,14,0
721,24.56,7,10
722,97.75,2,15
723,86.51,14,20
724,60.22,15,10
725,39.44,10,20
726,66.21,18,5
727,60.3,15,0
728,10.16,14,15
729,59.36,13,20
730,93.7,17,15
731,56.24,19,20
732,26.09,16,0
733,22.94,17,15
734,41.32,3,15
735,53.11,8,5
736,20.4,11,0
737,91.48,8,15
738,72.98,8,5
739,21.48,20,5
740,71.13,12,20
741,34.59,14,0
742,33.77,17,0
743,34.5,16,15
744,42.37,2,0
745,47.35,14,15
746,30.64,14,5
747,10.59,3,20
748,83.51,11,20
749,20.54,9,10
750,27.84,18,5
751,39.98,3,0
752,76.93,17,15
753,16.09,2,5
754,37.39,20,15
755,22.62,20,15
756,48.95,18,10
757,46.5,15,5
758,64.89,14,20
759,15.43,2,5
760,11.22,20,10
761,79.43,3,0
762,96.61,12,5
763,95.48,5,5
764,7.17,3,10
765,31.24,16,20
766,99.97,11,20
767,78.12,20,10
768,36.18,11,0
769,80.85,20,5
770,95.86,8,20
771,74.73,14,5
772,51.41,6,15
773,80.73,13,5
774,25.89,13,20
775,92.74,10,10
776,95.05,14,5
777,34.65,13,5
778,74.12,8,10
779,79.45,10,0
780,76.66,12,15
781,30.66,16,15
782,95.89,4,5
783,13.57,7,15
784,58.74,11,0
785,42.83,11,0
786,65.74,11,20
787,76.25,17,0
788,21.93,13,10
789,75.48,4,5
790,95.68,18,10
791,77.58,15,20
792,29.81,15,20
793,76.98,13,10
794,24.91,3,0
795,41.92,14,20
796,72.14,9,5
797,14.38,17,0
798,86.55,11,20
799,28.35,4,0
800,63.96,16,10
801,47.37,18,15
802,10.92,9,20
803,69.37,5,5
804,63.0,9,0
805,63.94,9,20
806,7.44,8,15
807,60.08,2,0
808,43.68,9,20
809,69.6,11,10
810,90.61,6,5
811,24.12,16,10
812,6.39,3,5
813,55.29,5,15
814,80.48,5,10
815,14.15,17,10
816,77.8,8,5
817,61.62,5,10
818,18.08,1,15
819,49.63,1,5
820,27.45,2,20
821,60.62,17,10
822,89.51,12,0
823,29.45,13,10
824,47.25,13,0
825,56.25,11,5
826,16.99,17,15
827,58.29,15,15
828,24.25,19,10
829,92.46,9,0
830,38.67,10,10
831,70.99,20,20
832,16.13,10,15
833,90.63,19,5
834,66.16,9,0
835,27.75,3,0
836,61.72,14,0
837,32.33,13,0
838,8.91,19,0
839,78.82,17,5
840,69.52,17,10
841,75.53,16,15
842,58.27,18,0
843,91.33,15,10
844,57.75,16,10
845,74.13,6,15
846,41.57,20,5
847,51.01,13,0
848,61.89,19,20
849,85.52,7,15
850,28.44,8,20
851,83.66,4,5
852,44.05,19,15
853,60.1,5,0
854,7.92,16,0
855,55.66,5,15
856,39.54,17,20
857,51.43,5,15
858,18.45,12,15
859,88.8,16,0
860,34.26,9,0
861,47.0,20,0
862,12.61,15,5
863,40.48,20,10
864,43.89,12,10
865,76.85,5,20
866,5.32,7,20
867,90.03,11,0
868,10.92,11,5
869,23.44,10,15
870,79.14,7,5
871,82.7,19,10
872,93.64,5,10
873,31.2,18,20
874,41.05,1,0
875,66.76,17,10
876,87.05,5,0
877,39.31,3,5
878,26.01,6,10
879,65.28,8,20
880,32.74,17,0
881,97.68,19,10
882,23.58,1,20
883,37.98,9,5
884,39.36,5,10
885,21.75,15,5
886,45.95,2,20
887,93.98,18,20
888,82.57,3,15
889,89.42,13,10
890,70.73,6,15
891,90.18,8,0
892,57.93,10,20
893,77.36,17,0
894,84.78,13,10
895,7.45,12,15
896,44.96,12,5
897,90.31,5,15
898,56.61,11,15
899,36.2,3,15
900,36.29,11,10
901,65.57,6,20
902,33.99,14,10
903,96.47,19,0
904,9.3,3,20
905,66.9,9,15
906,19.81,19,20
907,96.94,17,20
908,58.46,18,5
909,42.79,6,10
910,35.45,16,20
911,83.23,2,15
912,55.31,18,0
913,21.3,10,15
914,69.48,10,5
915,11.24,6,0
916,91.04,15,20
917,70.87,1,15
918,42.63,20,10
919,15.73,9,0
920,79.96,17,20
921,41.03,4,15
922,97.62,19,10
923,99.62,19,10
924,92.66,9,20
925,29.85,14,10
926,10.61,16,0
927,98.25,8,20
928,85.66,4,10
929,47.86,6,10
930,80.85,15,10
931,87.25,2,20
932,71.4,19,15
933,47.98,14,5
934,22.16,15,15
935,94.49,8,5
936,33.47,11,5
937,77.85,6,10
938,34.35,18,15
939,82.7,16,15
940,50.59,12,5
941,19.42,14,10
942,19.44,12,5
943,82.19,13,0
944,66.02,1,0
945,31.77,10,20
946,35.61,1,5
947,42.22,15,15
948,83.79,2,20
949,67.37,9,10
950,67.32,7,20
951,45.74,9,15
952,72.47,5,20
953,52.03,17,5
954,97.02,7,20
955,6.05,6,5
956,17.33,10,15
957,87.24,13,0
958,94.74,16,20
959,55.22,2,20
960,29.96,15,20
961,20.0,16,0
962,97.5,20,0
963,42.84,5,10
964,27.9,11,0
965,71.95,2,20
966,89.03,7,0
967,46.51,1,5
968,74.14,6,15
969,89.44,20,5
970,56.3,20,15
971,65.28,4,15
972,20.66,1,20
973,90.57,2,15
974,17.46,2,10
975,65.46,1,20
976,33.52,20,10
977,88.67,6,10
978,23.47,3,15
979,12.24,11,15
980,29.35,5,15
981,74.77,6,15
982,67.71,13,0
983,24.88,7,0
984,95.54,12,20
985,15.89,8,20
986,9.01,7,0
987,34.88,13,15
988,94.37,3,10
989,23.21,16,15
990,49.24,7,5
991,12.04,5,15
992,78.98,13,15
993,30.86,20,15
994,85.55,14,20
995,52.99,20,15
996,13.21,14,5
997,67.62,6,0
998,88.82,7,10
999,83.51,13,10
1000,51.33,15,15
1001,95.3,7,0
1002,28.53,5,5
1003,29.12,12,15
1004,24.88,18,10
1005,86.08,11,20
1006,44.68,7,15
1007,96.42,1,5
1008,25.72,8,0
1009,24.88,9,20
1010,86.8,4,15
1011,11.27,9,10
1012,94.6,14,20
1013,15.33,15,15
1014,41.13,13,0
1015,10.18,16,10
1016,16.64,7,5
1017,74.09,19,0
1018,68.14,17,0
1019,24.31,9,0
1020,24.37,20,10
1021,91.32,8,20
1022,77.94,6,0
1023,16.26,19,10
1024,66.58,1,15
1025,25.96,5,15
1026,94.84,3,10
1027,37.93,3,15
1028,36.39,14,15
1029,37.49,5,5
1030,46.78,1,10
1031,12.95,4,20
1032,15.13,17,20
1033,79.99,19,0
1034,63.96,6,20
1035,89.52,19,10
1036,57.51,8,5
1037,29.58,13,0
1038,39.38,11,20
1039,81.64,4,15
1040,95.57,10,15
1041,61.13,3,15
1042,28.18,17,15
1043,70.34,19,15
1044,68.8,10,15
1045,49.71,14,15
1046,59.27,18,10
1047,67.26,14,0
1048,86.62,20,0
1049,89.16,19,10
1050,59.32,3,5
1051,69.71,16,20
1052,98.83,18,5
1053,73.13,3,0
1054,39.05,3,15
1055,94.76,3,20
1056,55.39,20,10
1057,71.73,15,20
1058,44.87,11,20
1059,17.27,6,15
1060,9.9,9,15
1061,6.19,20,20
1062,50.11,19,0
1063,27.2,9,0
1064,50.2,1,10
1065,72.13,20,0
1066,80.68,18,0
1067,34.39,4,20
1068,30.09,19,5
1069,27.12,6,15
1070,71.79,18,0
1071,96.3,20,10
1072,30.39,10,15
1073,36.52,17,0
1074,42.41,19,0
1075,15.77,6,5
1076,25.92,3,20
1077,55.0,20,10
1078,17.01,20,5
1079,70.04,18,10
1080,47.54,15,15
1081,10.42,1,15
1082,7.6,9,5
1083,65.02,14,10
1084,7.94,4,20
1085,84.86,15,0
1086,97.53,7,15
1087,26.6,7,5
1088,40.97,14,0
1089,50.45,2,10
1090,73.18,5,20
1091,18.94,8,10
1092,18.06,12,15
1093,36.99,13,20
1094,62.78,14,20
1095,96.85,4,0
1096,7.49,7,10
1097,12.36,15,5
1098,13.26,15,0
1099,19.01,16,15
1100,43.28,15,15
1101,67.53,5,15
1102,15.2,12,10
1103,17.04,16,15
1104,99.76,14,15
1105,50.51,12,15
1106,79.23,11,20
1107,42.24,6,0
1108,99.13,5,20
1109,68.74,3,5
1110,99.19,6,0
1111,29.34,20,0
1112,29.85,8,15
1113,32.4,1,20
1114,92.91,11,5
1115,89.6,1,15
1116,47.82,4,15
1117,75.8,14,10
1118,88.29,3,20
1119,23.48,8,10
1120,47.05,7,0
1121,97.27,15,10
1122,70.54,6,0
1123,19.54,11,15
1124,66.06,11,0
1125,7.39,10,5
1126,82.79,19,20
1127,51.73,13,15
1128,25.96,3,10
1129,97.12,13,20
1130,49.86,12,10
1131,16.32,1,20
1132,54.49,16,15
1133,95.17,16,10
